<?xml version="1.0" encoding="UTF-8" ?>
<!DOCTYPE mapper PUBLIC "-//mybatis.org//DTD Mapper 3.0//EN" "http://mybatis.org/dtd/mybatis-3-mapper.dtd">
<mapper namespace="com.tian.repository.CustomerRepository">

    <resultMap id="customerMap" type="com.tian.entity.Customer">
        <id column="id" property="id"></id>
        <result column="name" property="name"></result>
        <association property="Service" javaType="com.tian.entity.Service">
            <id column="sid" property="id"></id>
            <result column="sname" property="name"></result>
        </association>
    </resultMap>

    <select id="findById" parameterType="long" resultMap="customerMap">
        select c.id,c.name,s.id as sid,s.name as sname from customer c ,service s where c.id = #{id} and s.cid = c.id
    </select>

</mapper>