<?xml version="1.0" encoding="UTF-8" ?>
<!DOCTYPE mapper PUBLIC "-//mybatis.org//DTD Mapper 3.0//EN" "http://mybatis.org/dtd/mybatis-3-mapper.dtd">
<mapper namespace="com.tian.repository.ServiceRepository">

    <resultMap id="serviceMap" type="com.tian.entity.Service">
        <id column="id" property="id"></id>
        <result column="name" property="name"></result>
        <association property="Customer" javaType="com.tian.entity.Customer">
            <id column="cid" property="id"></id>
            <result column="cname" property="name"></result>
        </association>
    </resultMap>

    <select id="findById" parameterType="long" resultMap="serviceMap">
        select s.id,s.name,c.id as cid,c.name as cname from service s,customer c where s.id = #{id} and s.cid = c.id
    </select>

</mapper>